{"Category":{"1":3200,"2":3600,"3":4000,"4":4800,"5":5600,"6":5000,"7":4500,"8":3000,"9":6000,"10":7300,"11":9000},"Rarity":{"Common":0.12,"Rare":0.12,"Very Rare":0.133285,"Epic":0.17,"Legendary":0.38223,"Heroic":0.25},"Rank":{"Unranked":"0","Bronze 1":0.05,"Bronze 2":0.1,"Bronze 3":0.15,"Silver 1":0.2,"Silver 2":0.25,"Silver 3":0.3,"Gold 1":0.35,"Gold 2":0.4,"Gold 3":0.5,"Platinum 1":0.55,"Platinum 2":0.6,"Platinum 3":0.7},"History Length":10}